"id","clust_5","clust_3","clust_pred4_5"
307,1,1,"4"
308,2,1,"4"
309,2,1,"4"
395,1,1,"4"
396,1,1,"5"
397,1,1,"4"
398,2,1,"4"
399,2,1,"4"
484,1,1,"2"
485,1,1,"2"
486,1,1,"2"
487,1,1,"2"
488,1,1,"2"
489,2,1,"2"
490,2,1,"2"
491,2,1,"2"
573,1,1,"2"
574,1,1,"2"
575,1,1,"2"
576,1,1,"2"
577,1,1,"2"
578,1,1,"2"
579,2,1,"2"
580,2,1,"2"
581,2,1,"2"
582,2,1,"2"
583,2,1,"2"
662,1,1,"2"
663,1,1,"2"
664,1,1,"2"
665,1,1,"2"
666,1,1,"2"
667,1,1,"2"
668,2,1,"2"
669,2,1,"2"
670,2,1,"2"
671,2,1,"2"
672,2,1,"2"
673,2,1,"2"
751,1,1,"2"
752,1,1,"2"
753,1,1,"2"
754,1,1,"2"
755,1,1,"2"
756,2,1,"2"
757,2,1,"2"
758,2,1,"2"
759,2,1,"4"
760,2,1,"4"
761,2,1,"4"
762,2,1,"4"
763,2,1,"4"
841,1,1,"2"
842,1,1,"2"
843,1,1,"2"
844,2,1,"4"
845,2,1,"4"
846,2,1,"4"
847,2,1,"4"
848,2,1,"4"
849,2,1,"4"
850,2,1,"4"
851,2,1,"4"
852,2,1,"4"
929,1,1,"2"
930,1,1,"2"
931,1,1,"2"
932,2,1,"2"
933,2,1,"4"
934,2,1,"2"
935,2,1,"4"
936,2,1,"2"
937,2,1,"4"
938,2,1,"4"
939,2,1,"4"
940,2,1,"2"
941,2,1,"4"
1020,1,1,"2"
1021,2,1,"2"
1022,2,1,"2"
1023,2,1,"4"
1024,2,1,"2"
1025,2,1,"2"
1026,2,1,"4"
1027,2,1,"2"
1028,2,1,"4"
1029,2,1,"4"
1030,2,1,"4"
1109,1,1,"2"
1110,2,1,"2"
1111,2,1,"2"
1112,2,1,"4"
1113,2,1,"4"
1114,2,1,"4"
1115,2,1,"4"
1116,2,1,"4"
1117,2,1,"4"
1118,2,1,"4"
1198,1,1,"2"
1199,1,1,"2"
1200,2,1,"2"
1201,2,1,"2"
1202,2,1,"4"
1203,2,1,"4"
1204,2,1,"2"
1205,2,1,"4"
1211,2,1,"4"
1212,2,1,"4"
1213,2,1,"4"
1214,2,1,"4"
1290,2,1,"2"
1291,2,1,"2"
1292,2,1,"2"
1293,2,1,"4"
1294,2,1,"4"
1298,2,1,"4"
1299,2,1,"2"
1300,2,1,"4"
1301,2,1,"4"
1302,2,1,"4"
1320,2,1,"3"
1321,2,1,"4"
1322,2,1,"4"
1323,2,1,"2"
1380,2,1,"4"
1381,2,1,"4"
1382,2,1,"4"
1383,2,1,"4"
1386,2,1,"4"
1387,2,1,"2"
1388,2,1,"2"
1389,2,1,"2"
1390,2,1,"4"
1403,2,1,"2"
1404,2,1,"2"
1406,2,1,"3"
1407,2,1,"3"
1408,2,1,"3"
1409,2,1,"3"
1410,3,2,"3"
1411,3,2,"4"
1412,3,2,"4"
1469,2,1,"4"
1470,2,1,"2"
1471,2,1,"2"
1472,2,1,"4"
1473,2,1,"4"
1474,2,1,"4"
1475,2,1,"4"
1476,2,1,"2"
1477,2,1,"2"
1478,2,1,"2"
1479,2,1,"2"
1480,2,1,"2"
1492,2,1,"4"
1493,2,1,"4"
1494,2,1,"2"
1495,2,1,"2"
1496,3,2,"2"
1497,3,2,"2"
1498,3,2,"2"
1499,3,2,"4"
1500,3,2,"4"
1501,3,2,"4"
1555,2,1,"4"
1556,2,1,"4"
1557,2,1,"4"
1558,2,1,"4"
1559,2,1,"4"
1560,2,1,"4"
1561,2,1,"4"
1562,2,1,"4"
1563,2,1,"4"
1564,2,1,"4"
1565,2,1,"5"
1566,2,1,"2"
1567,2,1,"2"
1568,2,1,"2"
1582,2,1,"4"
1583,2,1,"3"
1584,3,2,"4"
1585,3,2,"4"
1586,3,2,"3"
1587,3,2,"4"
1588,3,2,"4"
1589,3,2,"4"
1590,3,2,"4"
1642,2,1,"4"
1643,2,1,"4"
1644,2,1,"4"
1645,2,1,"4"
1646,2,1,"4"
1647,2,1,"4"
1648,2,1,"4"
1649,2,1,"4"
1650,2,1,"2"
1651,2,1,"4"
1652,2,1,"2"
1653,2,1,"5"
1654,2,1,"5"
1655,2,1,"5"
1656,2,1,"2"
1657,2,1,"2"
1670,2,1,"2"
1671,2,1,"4"
1672,2,1,"4"
1673,3,2,"4"
1674,3,2,"4"
1675,3,2,"4"
1676,3,2,"4"
1677,3,2,"4"
1678,3,2,"4"
1679,3,2,"3"
1731,2,1,"4"
1732,2,1,"4"
1733,2,1,"4"
1734,2,1,"4"
1735,2,1,"4"
1736,2,1,"4"
1737,2,1,"4"
1738,2,1,"4"
1739,2,1,"4"
1740,2,1,"4"
1741,2,1,"2"
1742,2,1,"5"
1743,2,1,"5"
1744,2,1,"5"
1745,2,1,"2"
1760,2,1,"2"
1761,2,1,"4"
1762,3,2,"4"
1763,3,2,"4"
1764,3,2,"4"
1765,3,2,"4"
1766,3,2,"4"
1767,3,2,"4"
1768,3,2,"4"
1820,2,1,"4"
1821,2,1,"4"
1822,2,1,"4"
1823,2,1,"4"
1824,2,1,"4"
1825,2,1,"4"
1826,2,1,"4"
1827,2,1,"4"
1828,2,1,"4"
1829,2,1,"2"
1830,2,1,"2"
1831,2,1,"4"
1832,2,1,"5"
1833,2,1,"5"
1834,2,1,"2"
1835,2,1,"3"
1849,2,1,"2"
1850,2,1,"4"
1851,3,2,"4"
1852,3,2,"4"
1853,3,2,"4"
1854,3,2,"4"
1855,3,2,"3"
1856,3,2,"3"
1857,3,2,"3"
1858,3,2,"4"
1910,2,1,"4"
1911,2,1,"4"
1912,2,1,"4"
1913,2,1,"4"
1914,2,1,"2"
1915,2,1,"2"
1916,2,1,"2"
1917,2,1,"2"
1918,2,1,"2"
1919,2,1,"2"
1920,2,1,"2"
1921,2,1,"4"
1922,2,1,"5"
1923,2,1,"2"
1924,2,1,"2"
1925,2,1,"2"
1937,2,1,"2"
1938,2,1,"4"
1939,3,2,"4"
1940,3,2,"4"
1941,3,2,"4"
1942,3,2,"4"
1943,3,2,"4"
1944,3,2,"3"
1945,3,2,"3"
1946,3,2,"4"
1947,3,2,"3"
1948,3,2,"3"
1949,3,2,"3"
1950,3,2,"4"
1951,3,2,"4"
1952,3,2,"3"
2001,2,1,"2"
2002,2,1,"4"
2003,2,1,"4"
2004,2,1,"2"
2005,2,1,"2"
2006,2,1,"2"
2007,2,1,"2"
2008,2,1,"2"
2009,2,1,"4"
2010,2,1,"4"
2011,2,1,"4"
2012,2,1,"4"
2013,2,1,"4"
2014,2,1,"2"
2017,2,1,"2"
2018,2,1,"2"
2023,2,1,"4"
2024,2,1,"4"
2025,2,1,"4"
2026,3,2,"4"
2027,3,2,"4"
2028,2,1,"4"
2029,3,2,"4"
2030,3,2,"4"
2031,3,2,"3"
2032,3,2,"3"
2033,3,2,"3"
2034,3,2,"3"
2035,3,2,"3"
2036,3,2,"3"
2037,3,2,"3"
2038,3,2,"3"
2039,3,2,"3"
2040,3,2,"3"
2041,3,2,"3"
2042,3,2,"3"
2091,2,1,"2"
2092,2,1,"2"
2093,2,1,"2"
2094,2,1,"2"
2095,2,1,"2"
2096,2,1,"3"
2097,2,1,"2"
2098,2,1,"4"
2099,2,1,"4"
2100,2,1,"4"
2101,2,1,"4"
2102,2,1,"4"
2103,2,1,"4"
2104,2,1,"4"
2105,2,1,"4"
2106,2,1,"4"
2107,2,1,"4"
2108,2,1,"4"
2109,2,1,"4"
2110,2,1,"4"
2111,2,1,"4"
2112,3,2,"4"
2113,3,2,"4"
2114,3,2,"4"
2115,3,2,"4"
2116,3,2,"4"
2117,3,2,"4"
2118,3,2,"4"
2119,3,2,"4"
2120,3,2,"3"
2121,3,2,"3"
2122,3,2,"3"
2123,3,2,"4"
2124,3,2,"3"
2125,3,2,"3"
2126,3,2,"4"
2127,3,2,"3"
2128,3,2,"3"
2129,3,2,"4"
2180,2,1,"2"
2181,2,1,"2"
2182,2,1,"2"
2183,2,1,"2"
2184,2,1,"2"
2185,2,1,"3"
2186,2,1,"4"
2187,2,1,"4"
2188,2,1,"4"
2189,2,1,"2"
2190,2,1,"4"
2191,2,1,"3"
2192,2,1,"4"
2193,2,1,"4"
2194,2,1,"3"
2195,2,1,"4"
2196,2,1,"4"
2197,3,2,"4"
2198,3,2,"4"
2199,3,2,"4"
2200,3,2,"4"
2201,3,2,"4"
2202,3,2,"4"
2203,3,2,"4"
2204,3,2,"4"
2205,3,2,"4"
2206,3,2,"4"
2207,3,2,"4"
2208,3,2,"3"
2209,3,2,"3"
2210,3,2,"4"
2211,3,2,"3"
2212,3,2,"3"
2213,3,2,"3"
2214,3,2,"3"
2216,3,2,"4"
2217,3,2,"4"
2218,3,2,"4"
2219,3,2,"4"
2270,2,1,"2"
2271,2,1,"2"
2272,2,1,"2"
2273,2,1,"2"
2274,2,1,"2"
2275,2,1,"4"
2276,2,1,"4"
2277,2,1,"4"
2278,2,1,"4"
2279,2,1,"4"
2280,2,1,"3"
2281,2,1,"3"
2282,2,1,"4"
2283,2,1,"4"
2284,2,1,"4"
2285,2,1,"4"
2286,3,2,"4"
2287,3,2,"4"
2288,3,2,"4"
2289,3,2,"4"
2290,3,2,"4"
2291,3,2,"4"
2292,3,2,"4"
2293,3,2,"4"
2294,3,2,"3"
2295,3,2,"3"
2296,3,2,"3"
2297,3,2,"3"
2298,3,2,"3"
2299,3,2,"3"
2300,3,2,"4"
2301,3,2,"3"
2306,3,2,"4"
2307,3,2,"4"
2308,3,2,"3"
2359,2,1,"2"
2360,2,1,"2"
2361,2,1,"2"
2362,2,1,"2"
2363,2,1,"4"
2364,2,1,"4"
2365,2,1,"4"
2366,2,1,"4"
2367,2,1,"4"
2368,2,1,"2"
2369,2,1,"4"
2370,2,1,"4"
2371,2,1,"4"
2372,2,1,"4"
2373,2,1,"4"
2374,2,1,"2"
2375,2,1,"4"
2376,3,2,"4"
2377,3,2,"4"
2378,3,2,"4"
2379,3,2,"4"
2380,3,2,"4"
2381,3,2,"4"
2382,3,2,"4"
2383,3,2,"4"
2384,3,2,"4"
2385,3,2,"3"
2386,3,2,"4"
2387,3,2,"4"
2388,3,2,"3"
2389,3,2,"4"
2390,3,2,"3"
2448,2,1,"2"
2449,2,1,"2"
2450,2,1,"2"
2451,2,1,"2"
2452,2,1,"2"
2453,2,1,"4"
2454,2,1,"2"
2455,2,1,"2"
2456,2,1,"2"
2457,2,1,"2"
2458,2,1,"2"
2459,2,1,"2"
2460,2,1,"4"
2461,2,1,"2"
2462,2,1,"4"
2463,2,1,"4"
2464,2,1,"4"
2465,3,2,"4"
2466,3,2,"4"
2467,3,2,"4"
2468,3,2,"4"
2469,3,2,"4"
2470,3,2,"3"
2471,3,2,"3"
2472,3,2,"4"
2473,3,2,"4"
2474,3,2,"4"
2475,3,2,"4"
2476,3,2,"4"
2477,3,2,"3"
2478,3,2,"4"
2479,3,2,"4"
2480,3,2,"3"
2536,2,1,"2"
2537,2,1,"2"
2538,2,1,"2"
2539,2,1,"2"
2540,2,1,"2"
2541,2,1,"2"
2542,2,1,"3"
2543,2,1,"4"
2544,2,1,"4"
2545,2,1,"2"
2546,2,1,"2"
2547,2,1,"2"
2548,2,1,"2"
2549,2,1,"4"
2550,2,1,"4"
2551,2,1,"4"
2552,2,1,"4"
2553,2,1,"4"
2554,3,2,"4"
2555,3,2,"4"
2556,3,2,"4"
2557,3,2,"4"
2558,3,2,"4"
2559,3,2,"4"
2560,3,2,"4"
2561,3,2,"4"
2562,3,2,"4"
2563,3,2,"4"
2564,3,2,"4"
2565,3,2,"4"
2566,3,2,"4"
2567,3,2,"4"
2568,3,2,"3"
2569,3,2,"4"
2625,2,1,"2"
2626,2,1,"2"
2627,2,1,"2"
2628,2,1,"2"
2629,2,1,"2"
2630,2,1,"2"
2631,2,1,"2"
2632,2,1,"4"
2633,2,1,"2"
2634,2,1,"2"
2635,2,1,"2"
2636,2,1,"4"
2637,2,1,"2"
2638,2,1,"2"
2639,2,1,"4"
2640,2,1,"4"
2641,2,1,"4"
2642,2,1,"4"
2643,2,1,"4"
2644,3,2,"4"
2645,3,2,"4"
2646,3,2,"4"
2647,3,2,"3"
2648,3,2,"4"
2649,3,2,"4"
2650,3,2,"4"
2651,3,2,"3"
2652,3,2,"4"
2653,3,2,"4"
2654,3,2,"4"
2655,3,2,"4"
2656,3,2,"4"
2657,3,2,"3"
2658,3,2,"4"
2714,2,1,"2"
2715,2,1,"2"
2716,2,1,"4"
2717,2,1,"2"
2718,2,1,"2"
2719,2,1,"4"
2720,2,1,"3"
2721,2,1,"4"
2722,2,1,"4"
2723,2,1,"4"
2724,2,1,"2"
2725,2,1,"4"
2726,2,1,"4"
2727,3,2,"4"
2728,3,2,"4"
2729,3,2,"4"
2730,3,2,"4"
2731,2,1,"4"
2732,2,1,"4"
2733,2,1,"4"
2734,3,2,"4"
2735,3,2,"3"
2736,3,2,"3"
2737,3,2,"4"
2738,3,2,"4"
2739,3,2,"4"
2740,3,2,"3"
2741,3,2,"3"
2742,3,2,"4"
2743,3,2,"3"
2744,3,2,"4"
2745,3,2,"4"
2746,3,2,"4"
2747,3,2,"4"
2803,2,1,"2"
2804,2,1,"4"
2805,2,1,"4"
2806,2,1,"4"
2807,2,1,"4"
2808,2,1,"4"
2809,2,1,"4"
2810,2,1,"4"
2811,2,1,"4"
2812,2,1,"4"
2813,2,1,"3"
2814,2,1,"4"
2815,3,2,"4"
2816,3,2,"4"
2817,3,2,"4"
2818,3,2,"4"
2819,3,2,"4"
2820,3,2,"4"
2821,2,1,"2"
2822,2,1,"4"
2823,3,2,"3"
2824,3,2,"3"
2825,3,2,"3"
2826,3,2,"4"
2827,3,2,"3"
2828,3,2,"3"
2829,3,2,"4"
2830,3,2,"4"
2831,3,2,"4"
2832,3,2,"3"
2833,3,2,"3"
2834,3,2,"4"
2835,3,2,"4"
2836,3,2,"4"
2892,2,1,"2"
2893,2,1,"2"
2894,2,1,"4"
2895,2,1,"4"
2896,2,1,"4"
2897,2,1,"4"
2898,2,1,"4"
2899,2,1,"2"
2900,2,1,"4"
2901,2,1,"4"
2902,2,1,"4"
2903,2,1,"4"
2904,3,2,"4"
2905,3,2,"4"
2906,3,2,"4"
2907,3,2,"4"
2908,3,2,"4"
2909,3,2,"4"
2910,3,2,"4"
2911,3,2,"4"
2912,3,2,"4"
2913,3,2,"3"
2914,3,2,"3"
2915,3,2,"4"
2916,3,2,"4"
2917,3,2,"3"
2918,3,2,"3"
2919,3,2,"3"
2920,3,2,"4"
2921,3,2,"4"
2922,3,2,"3"
2923,3,2,"4"
2924,3,2,"5"
2980,2,1,"2"
2981,2,1,"2"
2982,2,1,"2"
2983,2,1,"4"
2984,2,1,"4"
2985,2,1,"2"
2986,2,1,"2"
2987,2,1,"4"
2988,2,1,"4"
2989,2,1,"4"
2990,2,1,"4"
2991,2,1,"4"
2992,3,2,"4"
2993,2,1,"4"
2994,3,2,"4"
2995,3,2,"4"
2996,3,2,"4"
2997,3,2,"3"
2998,3,2,"3"
2999,3,2,"4"
3000,3,2,"4"
3001,3,2,"4"
3002,3,2,"3"
3003,3,2,"3"
3004,3,2,"3"
3005,3,2,"3"
3006,3,2,"4"
3007,3,2,"4"
3008,3,2,"3"
3009,3,2,"3"
3010,3,2,"4"
3011,3,2,"4"
3012,3,2,"4"
3061,2,1,"4"
3062,2,1,"4"
3068,2,1,"3"
3069,2,1,"3"
3070,2,1,"2"
3071,2,1,"2"
3072,2,1,"2"
3073,2,1,"2"
3074,2,1,"2"
3075,2,1,"2"
3076,2,1,"2"
3077,2,1,"2"
3078,2,1,"3"
3079,2,1,"4"
3080,2,1,"4"
3081,3,2,"4"
3082,2,1,"4"
3083,3,2,"4"
3084,3,2,"4"
3085,3,2,"4"
3086,3,2,"3"
3087,3,2,"3"
3088,3,2,"3"
3089,3,2,"4"
3090,3,2,"4"
3091,3,2,"4"
3092,3,2,"4"
3093,3,2,"4"
3094,3,2,"4"
3095,3,2,"3"
3096,3,2,"3"
3097,3,2,"4"
3098,3,2,"4"
3099,3,2,"4"
3103,3,2,"4"
3104,3,2,"3"
3150,2,1,"4"
3151,2,1,"2"
3152,2,1,"2"
3153,2,1,"4"
3154,2,1,"4"
3156,2,1,"4"
3157,2,1,"3"
3158,2,1,"3"
3159,2,1,"2"
3160,2,1,"2"
3161,2,1,"2"
3162,2,1,"2"
3163,2,1,"2"
3164,2,1,"2"
3165,2,1,"2"
3166,2,1,"4"
3167,2,1,"4"
3168,2,1,"4"
3169,2,1,"4"
3170,4,3,"4"
3171,3,2,"4"
3172,4,3,"4"
3173,3,2,"3"
3174,3,2,"3"
3175,3,2,"4"
3176,3,2,"4"
3177,3,2,"4"
3178,3,2,"4"
3179,3,2,"4"
3180,3,2,"4"
3181,3,2,"4"
3182,3,2,"4"
3183,3,2,"4"
3184,3,2,"4"
3185,3,2,"4"
3186,3,2,"4"
3192,3,2,"3"
3193,3,2,"3"
3238,2,1,"4"
3239,2,1,"2"
3240,2,1,"2"
3241,2,1,"2"
3242,2,1,"2"
3243,2,1,"2"
3244,2,1,"3"
3245,2,1,"2"
3246,2,1,"2"
3247,2,1,"2"
3248,2,1,"2"
3249,2,1,"2"
3250,2,1,"2"
3251,2,1,"2"
3252,2,1,"2"
3253,2,1,"2"
3254,2,1,"3"
3255,2,1,"4"
3256,2,1,"4"
3257,2,1,"4"
3258,4,3,"4"
3259,4,3,"4"
3260,4,3,"4"
3261,4,3,"4"
3262,3,2,"4"
3263,3,2,"3"
3264,3,2,"4"
3265,3,2,"4"
3266,3,2,"4"
3267,3,2,"4"
3268,3,2,"4"
3269,3,2,"3"
3270,3,2,"4"
3271,3,2,"4"
3272,3,2,"4"
3273,3,2,"3"
3274,3,2,"4"
3280,3,2,"3"
3281,3,2,"3"
3282,3,2,"3"
3283,3,2,"4"
3327,2,1,"2"
3328,2,1,"2"
3329,2,1,"2"
3330,2,1,"2"
3331,2,1,"2"
3332,2,1,"2"
3333,2,1,"2"
3334,2,1,"2"
3335,2,1,"2"
3336,2,1,"2"
3337,2,1,"2"
3338,2,1,"2"
3339,2,1,"2"
3340,2,1,"2"
3341,2,1,"3"
3342,2,1,"3"
3343,2,1,"4"
3344,2,1,"4"
3345,4,3,"4"
3346,4,3,"4"
3347,4,3,"4"
3348,4,3,"4"
3349,4,3,"4"
3350,3,2,"4"
3351,3,2,"4"
3352,3,2,"3"
3353,3,2,"4"
3354,3,2,"4"
3355,3,2,"4"
3356,3,2,"4"
3357,3,2,"4"
3358,3,2,"4"
3359,3,2,"3"
3360,3,2,"4"
3361,3,2,"4"
3362,3,2,"4"
3363,3,2,"4"
3369,3,2,"3"
3370,3,2,"3"
3371,3,2,"3"
3372,3,2,"4"
3415,2,1,"2"
3416,2,1,"2"
3417,2,1,"2"
3418,2,1,"2"
3419,2,1,"2"
3420,2,1,"2"
3421,2,1,"2"
3422,2,1,"2"
3423,2,1,"2"
3424,2,1,"2"
3425,2,1,"2"
3426,2,1,"2"
3427,2,1,"3"
3428,4,3,"3"
3429,2,1,"4"
3430,2,1,"4"
3431,4,3,"4"
3432,4,3,"4"
3433,4,3,"4"
3434,4,3,"4"
3435,4,3,"4"
3436,4,3,"4"
3437,4,3,"4"
3438,4,3,"4"
3439,4,3,"4"
3440,3,2,"4"
3441,3,2,"4"
3442,3,2,"4"
3443,3,2,"3"
3444,3,2,"3"
3445,3,2,"3"
3446,3,2,"3"
3447,3,2,"3"
3448,3,2,"4"
3449,3,2,"4"
3450,3,2,"3"
3451,3,2,"3"
3459,3,2,"3"
3460,3,2,"3"
3461,3,2,"3"
3467,3,2,"4"
3502,2,1,"4"
3503,2,1,"2"
3504,2,1,"2"
3505,2,1,"2"
3506,2,1,"2"
3507,2,1,"2"
3508,2,1,"2"
3509,2,1,"2"
3510,2,1,"2"
3511,2,1,"2"
3512,2,1,"2"
3513,2,1,"2"
3514,2,1,"4"
3515,2,1,"4"
3516,2,1,"4"
3517,2,1,"4"
3518,4,3,"4"
3519,4,3,"4"
3520,2,1,"4"
3521,2,1,"4"
3522,2,1,"4"
3523,4,3,"4"
3524,4,3,"4"
3525,4,3,"4"
3526,4,3,"4"
3527,4,3,"4"
3528,4,3,"4"
3529,3,2,"3"
3530,3,2,"3"
3531,3,2,"3"
3532,3,2,"3"
3533,3,2,"3"
3534,3,2,"3"
3535,3,2,"4"
3536,3,2,"4"
3537,3,2,"4"
3538,3,2,"3"
3539,3,2,"3"
3548,3,2,"3"
3549,3,2,"3"
3550,3,2,"3"
3555,3,2,"4"
3556,3,2,"4"
3557,3,2,"4"
3586,2,1,"3"
3587,2,1,"4"
3589,2,1,"4"
3590,2,1,"4"
3591,2,1,"4"
3592,2,1,"2"
3593,2,1,"2"
3594,2,1,"2"
3595,2,1,"2"
3596,2,1,"2"
3597,2,1,"2"
3598,2,1,"2"
3599,2,1,"2"
3600,2,1,"2"
3601,2,1,"2"
3602,2,1,"3"
3603,4,3,"4"
3604,4,3,"4"
3605,4,3,"4"
3606,4,3,"4"
3607,2,1,"4"
3608,4,3,"4"
3609,4,3,"4"
3610,4,3,"4"
3611,4,3,"4"
3612,4,3,"4"
3613,4,3,"4"
3614,4,3,"4"
3615,4,3,"4"
3616,4,3,"4"
3617,3,2,"4"
3618,3,2,"3"
3619,3,2,"3"
3620,3,2,"3"
3621,3,2,"3"
3622,3,2,"3"
3623,3,2,"3"
3624,3,2,"4"
3625,3,2,"4"
3626,3,2,"4"
3627,3,2,"4"
3628,3,2,"4"
3629,3,2,"4"
3630,3,2,"3"
3638,3,2,"4"
3639,3,2,"3"
3644,3,2,"4"
3645,3,2,"4"
3646,3,2,"4"
3672,2,1,"4"
3673,2,1,"4"
3674,2,1,"4"
3675,2,1,"4"
3676,2,1,"3"
3677,2,1,"3"
3678,2,1,"4"
3679,2,1,"2"
3680,2,1,"2"
3681,2,1,"2"
3682,2,1,"2"
3683,2,1,"2"
3684,2,1,"2"
3685,2,1,"2"
3686,2,1,"2"
3687,2,1,"2"
3688,2,1,"2"
3689,2,1,"3"
3690,2,1,"3"
3691,4,3,"4"
3692,4,3,"4"
3693,4,3,"4"
3694,4,3,"4"
3695,2,1,"4"
3696,4,3,"4"
3697,4,3,"4"
3698,4,3,"4"
3699,4,3,"4"
3700,4,3,"4"
3701,4,3,"4"
3702,4,3,"4"
3703,4,3,"4"
3704,4,3,"4"
3705,3,2,"4"
3706,3,2,"4"
3707,3,2,"4"
3708,3,2,"3"
3709,3,2,"3"
3710,3,2,"3"
3711,3,2,"4"
3712,3,2,"3"
3713,3,2,"3"
3714,3,2,"3"
3715,3,2,"4"
3716,3,2,"4"
3717,3,2,"4"
3718,3,2,"4"
3719,3,2,"3"
3727,3,2,"4"
3728,3,2,"3"
3733,3,2,"4"
3734,3,2,"4"
3760,2,1,"4"
3761,2,1,"4"
3762,2,1,"4"
3763,2,1,"4"
3764,2,1,"2"
3765,2,1,"4"
3766,2,1,"2"
3767,2,1,"2"
3768,2,1,"2"
3769,2,1,"4"
3770,2,1,"2"
3771,2,1,"2"
3772,2,1,"2"
3773,2,1,"2"
3774,2,1,"3"
3775,2,1,"2"
3776,2,1,"2"
3777,2,1,"2"
3778,2,1,"2"
3779,2,1,"3"
3780,2,1,"4"
3781,2,1,"4"
3782,2,1,"4"
3783,2,1,"4"
3784,4,3,"4"
3785,4,3,"4"
3786,4,3,"4"
3787,4,3,"4"
3788,4,3,"4"
3789,4,3,"3"
3790,4,3,"3"
3791,4,3,"4"
3792,4,3,"4"
3793,4,3,"4"
3794,3,2,"3"
3795,3,2,"3"
3796,3,2,"4"
3797,3,2,"4"
3798,3,2,"4"
3799,3,2,"3"
3800,3,2,"3"
3801,3,2,"3"
3802,3,2,"3"
3803,3,2,"3"
3804,3,2,"4"
3805,3,2,"4"
3806,3,2,"4"
3807,3,2,"3"
3808,3,2,"3"
3809,3,2,"3"
3815,3,2,"4"
3816,3,2,"3"
3817,3,2,"3"
3818,3,2,"3"
3819,3,2,"4"
3820,3,2,"3"
3821,3,2,"3"
3822,3,2,"4"
3823,3,2,"4"
3850,2,1,"4"
3851,2,1,"4"
3852,2,1,"4"
3853,2,1,"4"
3854,2,1,"4"
3855,2,1,"2"
3856,2,1,"2"
3857,2,1,"2"
3858,2,1,"2"
3859,2,1,"4"
3860,2,1,"2"
3861,2,1,"4"
3862,2,1,"2"
3863,2,1,"2"
3864,2,1,"2"
3865,2,1,"2"
3866,2,1,"2"
3867,2,1,"4"
3868,2,1,"4"
3869,2,1,"4"
3870,2,1,"4"
3871,4,3,"4"
3872,4,3,"4"
3873,4,3,"4"
3874,4,3,"4"
3875,4,3,"4"
3876,4,3,"4"
3877,4,3,"4"
3878,4,3,"4"
3879,4,3,"4"
3880,4,3,"4"
3881,4,3,"4"
3882,4,3,"4"
3883,4,3,"4"
3884,4,3,"3"
3885,3,2,"4"
3886,3,2,"4"
3887,3,2,"4"
3888,3,2,"4"
3889,3,2,"3"
3890,3,2,"3"
3891,3,2,"3"
3892,3,2,"3"
3893,3,2,"4"
3894,3,2,"4"
3895,3,2,"4"
3896,3,2,"3"
3897,3,2,"4"
3898,3,2,"3"
3903,3,2,"3"
3904,3,2,"4"
3905,3,2,"4"
3906,3,2,"4"
3907,3,2,"3"
3908,3,2,"4"
3909,3,2,"4"
3910,3,2,"4"
3911,3,2,"4"
3912,3,2,"4"
3941,2,1,"4"
3942,2,1,"4"
3943,2,1,"4"
3944,2,1,"2"
3945,2,1,"2"
3946,2,1,"2"
3947,2,1,"2"
3948,2,1,"3"
3949,2,1,"4"
3950,2,1,"4"
3951,2,1,"2"
3952,2,1,"3"
3953,2,1,"4"
3954,2,1,"4"
3955,2,1,"4"
3956,2,1,"4"
3957,2,1,"4"
3958,2,1,"4"
3959,2,1,"4"
3960,2,1,"4"
3961,2,1,"4"
3962,4,3,"4"
3963,4,3,"4"
3964,4,3,"4"
3965,4,3,"4"
3966,2,1,"4"
3967,2,1,"4"
3968,4,3,"4"
3969,2,1,"4"
3970,4,3,"4"
3971,4,3,"4"
3972,4,3,"4"
3973,3,2,"4"
3974,3,2,"4"
3975,3,2,"4"
3976,3,2,"4"
3977,3,2,"4"
3978,3,2,"4"
3979,3,2,"4"
3980,3,2,"3"
3981,3,2,"4"
3982,4,3,"4"
3983,3,2,"4"
3984,3,2,"3"
3985,3,2,"3"
3986,3,2,"4"
3987,3,2,"3"
3992,3,2,"3"
3993,3,2,"3"
3994,3,2,"3"
3995,3,2,"3"
3996,3,2,"3"
3997,3,2,"4"
3998,3,2,"4"
3999,3,2,"4"
4000,3,2,"4"
4030,2,1,"4"
4031,2,1,"4"
4032,2,1,"4"
4033,2,1,"4"
4034,2,1,"2"
4035,2,1,"4"
4036,2,1,"4"
4037,2,1,"4"
4038,2,1,"4"
4039,2,1,"4"
4040,2,1,"4"
4041,2,1,"4"
4042,2,1,"4"
4043,2,1,"5"
4044,2,1,"4"
4045,2,1,"4"
4046,2,1,"4"
4047,2,1,"2"
4048,2,1,"4"
4049,4,3,"4"
4050,4,3,"4"
4051,4,3,"4"
4052,4,3,"4"
4053,2,1,"4"
4054,2,1,"4"
4055,2,1,"4"
4056,2,1,"4"
4057,2,1,"4"
4058,2,1,"3"
4059,2,1,"4"
4060,4,3,"4"
4061,4,3,"4"
4062,4,3,"4"
4063,3,2,"4"
4064,3,2,"4"
4065,4,3,"3"
4066,3,2,"4"
4067,3,2,"4"
4068,3,2,"4"
4069,3,2,"4"
4070,4,3,"4"
4071,4,3,"4"
4072,3,2,"4"
4073,3,2,"3"
4074,3,2,"3"
4075,3,2,"3"
4076,3,2,"3"
4077,3,2,"3"
4078,3,2,"3"
4080,3,2,"3"
4081,3,2,"3"
4082,3,2,"3"
4083,3,2,"3"
4084,3,2,"3"
4085,3,2,"4"
4086,3,2,"4"
4087,3,2,"4"
4088,3,2,"4"
4089,3,2,"3"
4117,2,1,"4"
4118,2,1,"4"
4119,2,1,"4"
4120,2,1,"4"
4121,2,1,"4"
4122,2,1,"4"
4123,2,1,"4"
4124,2,1,"4"
4125,2,1,"4"
4126,2,1,"4"
4127,2,1,"4"
4128,2,1,"4"
4129,2,1,"4"
4130,2,1,"4"
4131,2,1,"4"
4132,2,1,"4"
4133,2,1,"2"
4134,2,1,"2"
4135,2,1,"2"
4136,4,3,"2"
4137,4,3,"4"
4138,4,3,"4"
4139,4,3,"4"
4140,4,3,"4"
4141,2,1,"2"
4142,2,1,"4"
4143,2,1,"4"
4144,2,1,"4"
4145,2,1,"4"
4146,2,1,"4"
4147,2,1,"4"
4148,4,3,"4"
4149,4,3,"4"
4150,4,3,"4"
4151,4,3,"4"
4152,3,2,"4"
4153,3,2,"4"
4154,3,2,"4"
4155,4,3,"4"
4156,4,3,"4"
4157,3,2,"4"
4158,3,2,"4"
4159,4,3,"4"
4160,4,3,"4"
4161,3,2,"4"
4162,3,2,"3"
4163,3,2,"3"
4164,3,2,"3"
4165,3,2,"3"
4166,3,2,"3"
4167,3,2,"3"
4168,3,2,"3"
4169,3,2,"3"
4170,3,2,"3"
4171,3,2,"4"
4172,3,2,"3"
4173,3,2,"4"
4174,3,2,"4"
4175,3,2,"4"
4176,3,2,"3"
4177,3,2,"4"
4204,2,1,"4"
4205,2,1,"4"
4206,2,1,"4"
4207,2,1,"4"
4208,2,1,"4"
4209,2,1,"4"
4210,2,1,"4"
4211,2,1,"4"
4212,2,1,"4"
4213,2,1,"4"
4214,2,1,"4"
4215,2,1,"5"
4216,2,1,"5"
4217,2,1,"4"
4218,2,1,"4"
4219,2,1,"4"
4220,2,1,"2"
4221,2,1,"2"
4222,2,1,"2"
4223,2,1,"2"
4224,2,1,"2"
4225,4,3,"2"
4226,4,3,"4"
4227,4,3,"4"
4228,4,3,"4"
4229,2,1,"4"
4230,2,1,"4"
4231,2,1,"4"
4232,2,1,"4"
4233,2,1,"4"
4234,2,1,"4"
4235,2,1,"5"
4236,2,1,"5"
4237,4,3,"3"
4238,4,3,"5"
4239,4,3,"4"
4240,4,3,"4"
4241,3,2,"4"
4242,3,2,"4"
4243,4,3,"4"
4244,4,3,"4"
4245,3,2,"4"
4246,4,3,"4"
4247,4,3,"4"
4248,4,3,"4"
4249,4,3,"4"
4250,4,3,"4"
4251,3,2,"3"
4252,3,2,"3"
4253,3,2,"3"
4254,3,2,"3"
4255,3,2,"3"
4257,3,2,"3"
4258,3,2,"3"
4259,3,2,"3"
4260,3,2,"4"
4261,3,2,"4"
4262,3,2,"3"
4263,3,2,"3"
4265,3,2,"3"
4266,3,2,"4"
4287,2,1,"4"
4288,2,1,"4"
4289,2,1,"4"
4290,2,1,"2"
4291,2,1,"4"
4292,2,1,"4"
4293,4,3,"4"
4294,4,3,"5"
4295,4,3,"4"
4296,2,1,"2"
4297,2,1,"2"
4298,2,1,"2"
4299,2,1,"4"
4300,2,1,"4"
4301,2,1,"4"
4302,2,1,"4"
4303,2,1,"4"
4304,2,1,"2"
4305,2,1,"4"
4306,2,1,"4"
4307,2,1,"2"
4308,2,1,"2"
4309,2,1,"2"
4310,2,1,"2"
4311,2,1,"2"
4312,4,3,"2"
4313,4,3,"2"
4314,4,3,"2"
4315,2,1,"2"
4316,2,1,"2"
4317,2,1,"2"
4318,4,3,"2"
4319,4,3,"4"
4320,2,1,"2"
4321,2,1,"4"
4322,2,1,"4"
4323,2,1,"4"
4324,2,1,"5"
4325,2,1,"5"
4326,4,3,"5"
4327,4,3,"5"
4328,4,3,"4"
4329,4,3,"4"
4330,4,3,"4"
4331,4,3,"4"
4332,4,3,"4"
4333,4,3,"4"
4334,3,2,"4"
4335,3,2,"4"
4336,4,3,"3"
4337,4,3,"3"
4338,4,3,"3"
4339,4,3,"3"
4340,4,3,"3"
4341,3,2,"3"
4342,3,2,"3"
4343,3,2,"3"
4344,3,2,"3"
4345,3,2,"3"
4346,3,2,"3"
4347,3,2,"3"
4348,3,2,"3"
4349,3,2,"4"
4350,3,2,"4"
4351,3,2,"3"
4375,2,1,"4"
4376,2,1,"4"
4377,4,3,"4"
4378,4,3,"4"
4379,4,3,"4"
4380,4,3,"4"
4381,2,1,"4"
4382,4,3,"4"
4383,4,3,"4"
4384,4,3,"4"
4385,2,1,"2"
4386,2,1,"2"
4387,2,1,"2"
4388,2,1,"2"
4389,2,1,"2"
4390,2,1,"4"
4391,2,1,"2"
4392,2,1,"2"
4393,2,1,"4"
4394,2,1,"5"
4395,2,1,"2"
4396,2,1,"2"
4397,2,1,"4"
4398,2,1,"2"
4399,2,1,"2"
4400,2,1,"2"
4401,4,3,"2"
4402,4,3,"2"
4403,4,3,"2"
4404,4,3,"2"
4405,4,3,"2"
4406,2,1,"2"
4407,4,3,"2"
4408,2,1,"2"
4409,2,1,"2"
4410,2,1,"4"
4411,2,1,"4"
4412,2,1,"5"
4413,2,1,"4"
4414,2,1,"3"
4415,4,3,"4"
4416,4,3,"4"
4417,4,3,"4"
4418,4,3,"4"
4419,4,3,"4"
4420,4,3,"4"
4421,4,3,"4"
4422,4,3,"4"
4423,4,3,"4"
4424,3,2,"4"
4425,3,2,"3"
4426,4,3,"3"
4427,3,2,"4"
4428,4,3,"4"
4429,4,3,"3"
4430,4,3,"4"
4431,3,2,"4"
4432,3,2,"4"
4433,3,2,"3"
4434,3,2,"3"
4435,3,2,"3"
4436,3,2,"3"
4437,3,2,"3"
4438,3,2,"3"
4439,3,2,"3"
4464,2,1,"4"
4465,4,3,"4"
4466,4,3,"4"
4467,4,3,"4"
4468,4,3,"5"
4469,4,3,"5"
4470,4,3,"4"
4471,4,3,"4"
4472,4,3,"4"
4473,2,1,"4"
4474,2,1,"4"
4475,2,1,"4"
4476,2,1,"2"
4477,2,1,"2"
4478,2,1,"4"
4479,2,1,"2"
4480,2,1,"2"
4481,2,1,"2"
4482,2,1,"2"
4483,2,1,"4"
4484,2,1,"2"
4485,2,1,"2"
4486,2,1,"2"
4487,2,1,"2"
4488,2,1,"2"
4489,2,1,"4"
4490,2,1,"4"
4491,4,3,"2"
4492,4,3,"2"
4493,4,3,"2"
4494,4,3,"2"
4495,2,1,"2"
4496,2,1,"4"
4497,2,1,"2"
4498,2,1,"4"
4499,2,1,"4"
4500,4,3,"4"
4501,4,3,"4"
4502,4,3,"4"
4503,2,1,"5"
4504,4,3,"5"
4505,4,3,"4"
4506,4,3,"4"
4507,4,3,"4"
4508,4,3,"4"
4509,4,3,"4"
4510,4,3,"4"
4511,4,3,"4"
4512,4,3,"4"
4513,4,3,"4"
4514,3,2,"4"
4515,3,2,"4"
4516,3,2,"4"
4517,4,3,"4"
4518,4,3,"3"
4519,4,3,"4"
4520,4,3,"4"
4521,3,2,"3"
4522,3,2,"3"
4523,3,2,"3"
4524,3,2,"3"
4525,3,2,"3"
4526,3,2,"3"
4527,3,2,"3"
4528,3,2,"3"
4553,2,1,"4"
4554,4,3,"4"
4555,4,3,"4"
4556,4,3,"4"
4557,4,3,"4"
4558,4,3,"4"
4559,4,3,"4"
4560,4,3,"4"
4561,4,3,"4"
4562,2,1,"4"
4563,2,1,"4"
4564,2,1,"2"
4565,2,1,"2"
4566,2,1,"2"
4567,2,1,"2"
4568,2,1,"2"
4569,2,1,"2"
4570,2,1,"2"
4571,2,1,"2"
4572,2,1,"2"
4573,2,1,"2"
4574,2,1,"2"
4575,2,1,"2"
4576,2,1,"4"
4577,2,1,"4"
4578,4,3,"4"
4579,4,3,"4"
4580,4,3,"2"
4581,4,3,"2"
4582,4,3,"2"
4583,4,3,"2"
4584,4,3,"2"
4585,4,3,"2"
4586,2,1,"2"
4587,4,3,"4"
4588,4,3,"4"
4589,4,3,"4"
4590,4,3,"4"
4591,4,3,"4"
4592,2,1,"4"
4593,2,1,"4"
4594,4,3,"4"
4595,4,3,"4"
4596,4,3,"4"
4597,4,3,"4"
4598,4,3,"4"
4599,4,3,"4"
4600,4,3,"4"
4601,4,3,"3"
4602,4,3,"4"
4603,4,3,"4"
4604,4,3,"4"
4605,4,3,"4"
4606,4,3,"4"
4607,4,3,"4"
4608,4,3,"4"
4609,4,3,"4"
4610,4,3,"4"
4611,3,2,"3"
4613,3,2,"3"
4615,3,2,"3"
4616,3,2,"3"
4617,3,2,"4"
4643,2,1,"4"
4644,4,3,"4"
4645,4,3,"4"
4646,4,3,"3"
4647,4,3,"3"
4648,4,3,"4"
4649,4,3,"4"
4650,4,3,"2"
4651,4,3,"4"
4652,2,1,"4"
4653,2,1,"4"
4654,2,1,"2"
4655,2,1,"2"
4656,2,1,"2"
4657,2,1,"2"
4658,2,1,"2"
4659,2,1,"2"
4660,2,1,"2"
4661,2,1,"2"
4662,2,1,"2"
4663,2,1,"2"
4664,2,1,"2"
4665,4,3,"2"
4666,4,3,"4"
4667,4,3,"4"
4668,4,3,"4"
4669,4,3,"4"
4670,2,1,"2"
4671,4,3,"4"
4672,4,3,"4"
4673,4,3,"2"
4674,4,3,"4"
4675,4,3,"4"
4676,4,3,"4"
4677,4,3,"4"
4678,4,3,"4"
4679,2,1,"4"
4680,2,1,"4"
4681,4,3,"4"
4682,4,3,"4"
4683,4,3,"4"
4684,4,3,"4"
4685,4,3,"4"
4686,4,3,"4"
4687,4,3,"4"
4688,4,3,"4"
4689,4,3,"4"
4690,4,3,"4"
4691,3,2,"4"
4692,3,2,"4"
4693,3,2,"4"
4694,4,3,"4"
4695,4,3,"4"
4696,4,3,"4"
4697,4,3,"4"
4698,4,3,"4"
4699,4,3,"4"
4700,3,2,"3"
4701,3,2,"3"
4732,2,1,"4"
4733,4,3,"4"
4734,4,3,"4"
4735,4,3,"4"
4736,4,3,"4"
4737,4,3,"4"
4738,4,3,"4"
4739,4,3,"4"
4740,4,3,"2"
4741,2,1,"4"
4742,2,1,"4"
4743,2,1,"4"
4744,2,1,"4"
4745,2,1,"4"
4746,2,1,"4"
4747,2,1,"2"
4748,2,1,"2"
4749,2,1,"2"
4750,2,1,"1"
4751,2,1,"1"
4752,2,1,"1"
4753,2,1,"2"
4754,2,1,"2"
4755,2,1,"4"
4756,4,3,"4"
4757,4,3,"4"
4758,2,1,"4"
4759,2,1,"4"
4760,2,1,"4"
4761,4,3,"4"
4762,4,3,"4"
4763,4,3,"3"
4764,4,3,"4"
4765,4,3,"3"
4766,4,3,"4"
4767,2,1,"4"
4768,2,1,"4"
4769,4,3,"2"
4770,4,3,"4"
4771,4,3,"4"
4772,4,3,"4"
4773,4,3,"4"
4774,4,3,"4"
4775,4,3,"4"
4776,4,3,"4"
4777,4,3,"4"
4778,4,3,"4"
4779,4,3,"4"
4780,4,3,"4"
4781,3,2,"4"
4782,3,2,"4"
4783,3,2,"3"
4784,4,3,"3"
4785,4,3,"4"
4786,4,3,"4"
4787,4,3,"4"
4788,4,3,"4"
4789,4,3,"4"
4790,3,2,"3"
4821,2,1,"4"
4822,4,3,"4"
4823,4,3,"4"
4824,4,3,"4"
4825,4,3,"4"
4826,4,3,"4"
4827,4,3,"4"
4828,4,3,"4"
4829,2,1,"4"
4830,2,1,"4"
4831,2,1,"4"
4832,2,1,"4"
4833,2,1,"2"
4834,2,1,"4"
4835,2,1,"2"
4836,2,1,"2"
4837,2,1,"2"
4838,2,1,"2"
4839,2,1,"2"
4840,2,1,"1"
4841,2,1,"1"
4842,2,1,"2"
4843,2,1,"2"
4844,2,1,"4"
4845,2,1,"4"
4846,2,1,"4"
4847,2,1,"4"
4848,2,1,"4"
4849,2,1,"4"
4850,2,1,"4"
4851,2,1,"4"
4852,2,1,"4"
4853,2,1,"4"
4854,4,3,"4"
4855,4,3,"4"
4856,4,3,"2"
4857,2,1,"4"
4858,4,3,"2"
4859,4,3,"4"
4860,4,3,"4"
4861,4,3,"4"
4862,4,3,"4"
4863,4,3,"4"
4864,4,3,"4"
4865,4,3,"2"
4866,4,3,"4"
4867,4,3,"4"
4868,4,3,"4"
4869,4,3,"4"
4870,3,2,"4"
4871,3,2,"4"
4872,3,2,"3"
4873,3,2,"3"
4874,3,2,"4"
4875,3,2,"4"
4876,3,2,"3"
4877,3,2,"3"
4878,3,2,"4"
4879,4,3,"4"
4880,3,2,"4"
4881,3,2,"3"
4910,4,3,"4"
4911,4,3,"4"
4912,4,3,"4"
4913,4,3,"4"
4914,4,3,"4"
4915,4,3,"4"
4916,4,3,"4"
4917,4,3,"4"
4918,4,3,"4"
4919,2,1,"4"
4920,2,1,"4"
4921,2,1,"4"
4922,2,1,"4"
4923,2,1,"2"
4924,2,1,"2"
4925,2,1,"2"
4926,2,1,"2"
4927,2,1,"2"
4928,2,1,"2"
4929,2,1,"2"
4930,2,1,"2"
4931,2,1,"2"
4932,2,1,"2"
4933,2,1,"4"
4934,2,1,"4"
4935,2,1,"4"
4936,2,1,"4"
4937,2,1,"4"
4938,2,1,"4"
4939,2,1,"4"
4940,2,1,"4"
4941,2,1,"4"
4942,2,1,"2"
4943,2,1,"4"
4944,2,1,"4"
4945,2,1,"4"
4946,4,3,"4"
4947,4,3,"2"
4948,4,3,"4"
4949,4,3,"4"
4950,4,3,"4"
4951,4,3,"4"
4952,4,3,"2"
4953,4,3,"4"
4954,4,3,"4"
4955,4,3,"4"
4956,4,3,"4"
4957,4,3,"4"
4958,4,3,"4"
4959,3,2,"4"
4960,3,2,"4"
4961,3,2,"4"
4962,3,2,"4"
4963,3,2,"3"
4964,3,2,"3"
4965,3,2,"3"
4966,3,2,"4"
4967,3,2,"4"
4968,3,2,"4"
4969,3,2,"3"
4970,3,2,"3"
4998,5,3,"4"
4999,5,3,"4"
5000,4,3,"4"
5001,2,1,"4"
5002,2,1,"4"
5003,2,1,"4"
5004,2,1,"4"
5005,2,1,"4"
5006,2,1,"4"
5007,4,3,"4"
5008,2,1,"4"
5009,2,1,"4"
5010,2,1,"2"
5011,2,1,"2"
5012,2,1,"2"
5013,2,1,"2"
5014,2,1,"2"
5015,2,1,"2"
5016,4,3,"2"
5017,2,1,"2"
5018,2,1,"2"
5019,2,1,"2"
5020,2,1,"2"
5021,2,1,"2"
5022,2,1,"4"
5023,2,1,"4"
5024,2,1,"4"
5025,2,1,"4"
5026,2,1,"4"
5027,2,1,"2"
5028,2,1,"4"
5029,2,1,"4"
5030,2,1,"4"
5031,2,1,"2"
5032,2,1,"2"
5033,2,1,"2"
5034,2,1,"2"
5035,4,3,"2"
5036,4,3,"4"
5037,4,3,"4"
5038,4,3,"4"
5039,4,3,"4"
5040,4,3,"4"
5041,4,3,"4"
5042,4,3,"4"
5043,4,3,"2"
5044,4,3,"4"
5045,4,3,"4"
5046,4,3,"4"
5047,4,3,"2"
5048,3,2,"4"
5049,3,2,"4"
5050,3,2,"3"
5051,3,2,"3"
5052,3,2,"3"
5053,3,2,"3"
5054,3,2,"3"
5055,3,2,"4"
5056,3,2,"3"
5057,3,2,"4"
5058,3,2,"3"
5059,3,2,"3"
5084,5,3,"4"
5085,5,3,"4"
5086,5,3,"4"
5087,5,3,"4"
5088,5,3,"4"
5089,5,3,"4"
5090,5,3,"4"
5091,2,1,"4"
5092,2,1,"2"
5093,2,1,"4"
5094,2,1,"2"
5095,4,3,"4"
5096,2,1,"4"
5097,2,1,"4"
5098,2,1,"2"
5099,2,1,"2"
5100,2,1,"2"
5101,2,1,"2"
5102,2,1,"2"
5103,2,1,"2"
5104,4,3,"2"
5105,4,3,"2"
5106,2,1,"2"
5107,2,1,"2"
5108,2,1,"2"
5109,4,3,"2"
5110,2,1,"2"
5111,2,1,"4"
5112,2,1,"4"
5113,2,1,"4"
5114,2,1,"4"
5115,2,1,"2"
5116,2,1,"2"
5117,2,1,"2"
5118,2,1,"2"
5119,2,1,"4"
5120,2,1,"2"
5121,2,1,"2"
5122,2,1,"2"
5123,4,3,"2"
5124,4,3,"5"
5125,4,3,"4"
5126,4,3,"4"
5127,4,3,"4"
5128,4,3,"4"
5129,4,3,"4"
5130,4,3,"4"
5131,4,3,"4"
5132,4,3,"4"
5133,4,3,"4"
5134,4,3,"4"
5135,4,3,"4"
5136,4,3,"4"
5137,3,2,"4"
5138,3,2,"4"
5139,3,2,"4"
5140,3,2,"4"
5141,3,2,"4"
5142,3,2,"4"
5143,3,2,"3"
5144,3,2,"4"
5145,3,2,"3"
5146,3,2,"3"
5174,5,3,"4"
5175,5,3,"4"
5176,5,3,"4"
5177,5,3,"4"
5178,5,3,"5"
5179,2,1,"5"
5180,2,1,"2"
5181,2,1,"2"
5182,2,1,"2"
5183,2,1,"4"
5184,4,3,"4"
5185,2,1,"4"
5186,2,1,"2"
5187,2,1,"2"
5188,2,1,"2"
5189,2,1,"2"
5190,2,1,"2"
5191,2,1,"2"
5192,2,1,"4"
5193,4,3,"4"
5194,4,3,"4"
5195,2,1,"4"
5196,4,3,"4"
5197,4,3,"4"
5198,4,3,"2"
5199,4,3,"2"
5200,2,1,"4"
5201,2,1,"5"
5202,2,1,"5"
5203,2,1,"5"
5204,2,1,"2"
5205,2,1,"2"
5206,2,1,"2"
5207,2,1,"2"
5208,2,1,"4"
5209,2,1,"2"
5210,2,1,"2"
5211,2,1,"2"
5212,4,3,"2"
5213,4,3,"2"
5214,4,3,"5"
5215,4,3,"4"
5216,4,3,"4"
5217,4,3,"4"
5218,4,3,"4"
5219,4,3,"4"
5220,4,3,"4"
5221,4,3,"4"
5222,4,3,"4"
5223,4,3,"4"
5224,4,3,"4"
5225,4,3,"4"
5226,4,3,"4"
5227,3,2,"4"
5228,3,2,"4"
5229,3,2,"4"
5230,3,2,"4"
5231,3,2,"4"
5232,3,2,"4"
5233,3,2,"4"
5234,3,2,"4"
5263,5,3,"4"
5264,5,3,"5"
5265,5,3,"4"
5266,5,3,"4"
5267,4,3,"5"
5268,2,1,"5"
5269,2,1,"2"
5270,2,1,"2"
5271,2,1,"2"
5272,2,1,"4"
5273,4,3,"4"
5274,2,1,"4"
5275,2,1,"2"
5276,2,1,"2"
5277,2,1,"2"
5278,2,1,"2"
5279,2,1,"2"
5280,2,1,"4"
5281,2,1,"4"
5282,4,3,"2"
5283,4,3,"4"
5284,4,3,"4"
5285,4,3,"4"
5286,4,3,"4"
5287,4,3,"4"
5288,4,3,"4"
5289,4,3,"4"
5290,4,3,"4"
5291,4,3,"4"
5292,4,3,"4"
5293,2,1,"2"
5294,2,1,"2"
5295,4,3,"2"
5296,2,1,"2"
5297,2,1,"2"
5298,2,1,"2"
5299,4,3,"2"
5300,4,3,"2"
5301,4,3,"2"
5302,4,3,"2"
5303,4,3,"2"
5304,4,3,"4"
5305,4,3,"4"
5306,4,3,"4"
5307,4,3,"4"
5308,4,3,"4"
5309,4,3,"4"
5310,4,3,"4"
5311,4,3,"4"
5312,4,3,"4"
5313,4,3,"4"
5314,4,3,"4"
5315,3,2,"4"
5316,3,2,"4"
5317,3,2,"4"
5318,3,2,"3"
5319,3,2,"4"
5320,3,2,"4"
5321,3,2,"4"
5322,3,2,"4"
5350,5,3,"4"
5351,5,3,"4"
5352,5,3,"4"
5353,5,3,"4"
5354,5,3,"4"
5355,4,3,"4"
5356,4,3,"4"
5357,2,1,"4"
5358,2,1,"4"
5359,2,1,"2"
5360,2,1,"2"
5361,4,3,"4"
5362,4,3,"4"
5363,2,1,"2"
5364,2,1,"2"
5365,2,1,"2"
5366,2,1,"2"
5367,2,1,"2"
5368,2,1,"2"
5369,2,1,"4"
5370,2,1,"4"
5371,4,3,"4"
5372,4,3,"2"
5373,4,3,"2"
5374,4,3,"4"
5375,4,3,"4"
5376,4,3,"4"
5377,4,3,"4"
5378,4,3,"4"
5379,4,3,"4"
5380,4,3,"4"
5381,4,3,"4"
5382,2,1,"4"
5383,2,1,"4"
5384,4,3,"4"
5385,4,3,"4"
5386,4,3,"2"
5387,4,3,"4"
5388,4,3,"2"
5389,4,3,"4"
5390,4,3,"4"
5391,4,3,"4"
5392,4,3,"4"
5393,4,3,"4"
5394,4,3,"4"
5395,4,3,"4"
5396,4,3,"4"
5397,4,3,"4"
5398,4,3,"4"
5399,4,3,"4"
5400,4,3,"4"
5401,4,3,"4"
5402,4,3,"4"
5403,3,2,"3"
5404,3,2,"3"
5405,3,2,"4"
5406,3,2,"4"
5407,3,2,"3"
5408,3,2,"4"
5409,3,2,"4"
5410,3,2,"3"
5436,5,3,"5"
5437,5,3,"5"
5438,5,3,"5"
5439,5,3,"4"
5440,5,3,"4"
5441,5,3,"4"
5442,5,3,"4"
5443,5,3,"4"
5444,4,3,"3"
5445,4,3,"4"
5446,4,3,"4"
5447,2,1,"2"
5448,2,1,"4"
5449,2,1,"4"
5450,2,1,"4"
5451,4,3,"4"
5452,2,1,"2"
5453,2,1,"2"
5454,2,1,"2"
5455,2,1,"4"
5456,2,1,"2"
5457,2,1,"2"
5458,2,1,"4"
5459,4,3,"4"
5460,4,3,"2"
5461,4,3,"4"
5463,4,3,"2"
5464,4,3,"4"
5465,4,3,"4"
5466,4,3,"4"
5467,4,3,"2"
5468,4,3,"4"
5469,4,3,"4"
5470,4,3,"4"
5471,2,1,"4"
5472,2,1,"4"
5473,4,3,"5"
5474,4,3,"4"
5475,4,3,"4"
5476,4,3,"4"
5477,4,3,"4"
5478,4,3,"4"
5479,4,3,"4"
5480,4,3,"5"
5481,4,3,"4"
5483,4,3,"4"
5484,4,3,"4"
5485,4,3,"5"
5486,4,3,"4"
5487,4,3,"5"
5488,4,3,"4"
5489,4,3,"2"
5490,4,3,"4"
5491,3,2,"2"
5492,4,3,"4"
5493,3,2,"4"
5494,3,2,"3"
5495,3,2,"3"
5496,3,2,"4"
5497,3,2,"4"
5498,3,2,"2"
5499,3,2,"5"
5525,5,3,"4"
5526,5,3,"5"
5527,5,3,"5"
5528,5,3,"4"
5529,5,3,"5"
5530,5,3,"5"
5531,5,3,"5"
5532,5,3,"5"
5533,5,3,"4"
5534,4,3,"4"
5535,4,3,"4"
5536,4,3,"4"
5537,4,3,"4"
5538,4,3,"4"
5539,4,3,"2"
5540,2,1,"2"
5541,2,1,"2"
5542,2,1,"4"
5543,2,1,"2"
5544,2,1,"2"
5545,2,1,"4"
5546,4,3,"4"
5547,4,3,"4"
5548,4,3,"2"
5549,4,3,"2"
5550,4,3,"4"
5552,4,3,"4"
5553,4,3,"4"
5554,4,3,"4"
5555,4,3,"4"
5556,4,3,"4"
5557,4,3,"4"
5558,4,3,"4"
5559,4,3,"4"
5560,4,3,"4"
5561,4,3,"4"
5562,4,3,"4"
5563,4,3,"4"
5565,4,3,"4"
5569,4,3,"4"
5572,4,3,"4"
5573,4,3,"4"
5574,4,3,"4"
5575,4,3,"5"
5576,4,3,"5"
5577,4,3,"4"
5578,4,3,"4"
5579,4,3,"4"
5580,4,3,"4"
5581,4,3,"4"
5582,4,3,"4"
5583,4,3,"4"
5584,4,3,"4"
5585,3,2,"4"
5586,3,2,"4"
5587,3,2,"4"
5612,5,3,"5"
5613,5,3,"4"
5614,5,3,"5"
5615,5,3,"5"
5616,5,3,"5"
5617,5,3,"4"
5618,5,3,"5"
5619,5,3,"2"
5620,5,3,"5"
5621,5,3,"4"
5622,5,3,"5"
5623,4,3,"4"
5624,4,3,"4"
5625,4,3,"5"
5626,4,3,"5"
5627,4,3,"4"
5628,4,3,"2"
5629,4,3,"2"
5630,2,1,"4"
5631,2,1,"4"
5632,2,1,"2"
5633,4,3,"2"
5634,4,3,"4"
5635,4,3,"4"
5636,4,3,"2"
5637,4,3,"2"
5638,4,3,"2"
5639,4,3,"2"
5643,4,3,"4"
5644,4,3,"2"
5645,4,3,"4"
5647,4,3,"4"
5648,4,3,"4"
5649,4,3,"4"
5663,4,3,"4"
5664,4,3,"4"
5665,4,3,"4"
5666,4,3,"4"
5667,4,3,"4"
5668,4,3,"4"
5669,4,3,"4"
5670,4,3,"4"
5671,4,3,"4"
5672,4,3,"4"
5673,4,3,"4"
5674,4,3,"4"
5675,4,3,"5"
5676,3,2,"4"
5700,5,3,"5"
5701,5,3,"4"
5702,5,3,"4"
5703,5,3,"5"
5704,5,3,"5"
5705,5,3,"5"
5706,5,3,"5"
5707,5,3,"5"
5708,5,3,"5"
5709,5,3,"5"
5710,5,3,"4"
5711,5,3,"4"
5712,4,3,"4"
5713,4,3,"4"
5714,4,3,"5"
5715,4,3,"5"
5716,4,3,"5"
5717,4,3,"4"
5718,4,3,"2"
5719,4,3,"4"
5720,4,3,"4"
5721,4,3,"4"
5722,2,1,"4"
5723,4,3,"2"
5724,4,3,"2"
5725,4,3,"1"
5727,4,3,"2"
5751,4,3,"4"
5752,4,3,"4"
5753,4,3,"4"
5754,4,3,"4"
5755,4,3,"4"
5756,4,3,"4"
5757,4,3,"4"
5758,4,3,"4"
5759,4,3,"4"
5760,4,3,"4"
5763,3,2,"4"
5764,3,2,"5"
5765,3,2,"5"
5789,5,3,"5"
5790,5,3,"5"
5791,5,3,"4"
5792,5,3,"5"
5793,5,3,"5"
5794,5,3,"5"
5795,5,3,"5"
5796,5,3,"5"
5797,5,3,"4"
5798,5,3,"4"
5799,5,3,"4"
5800,5,3,"4"
5801,5,3,"4"
5802,5,3,"4"
5803,4,3,"4"
5804,4,3,"4"
5805,4,3,"5"
5806,4,3,"4"
5807,4,3,"2"
5808,4,3,"2"
5809,4,3,"2"
5840,4,3,"4"
5841,4,3,"4"
5842,4,3,"4"
5843,4,3,"4"
5844,4,3,"4"
5845,4,3,"4"
5846,4,3,"4"
5847,4,3,"4"
5848,4,3,"4"
5878,5,3,"2"
5879,5,3,"5"
5880,5,3,"5"
5881,5,3,"5"
5882,5,3,"5"
5883,5,3,"5"
5884,5,3,"5"
5885,5,3,"5"
5886,5,3,"5"
5887,5,3,"5"
5888,5,3,"5"
5889,5,3,"5"
5890,5,3,"4"
5891,5,3,"4"
5892,4,3,"4"
5893,4,3,"5"
5894,4,3,"4"
5895,4,3,"5"
5896,4,3,"5"
5897,4,3,"2"
5916,4,3,"4"
5917,4,3,"4"
5918,4,3,"4"
5919,4,3,"4"
5920,4,3,"4"
5921,4,3,"4"
5925,4,3,"4"
5926,4,3,"4"
5927,4,3,"4"
5928,4,3,"4"
5929,4,3,"4"
5930,4,3,"4"
5931,4,3,"4"
5932,4,3,"4"
5933,4,3,"4"
5934,4,3,"4"
5935,4,3,"4"
5936,4,3,"4"
5937,4,3,"4"
5967,5,3,"2"
5968,5,3,"5"
5969,5,3,"5"
5970,5,3,"5"
5971,5,3,"5"
5972,5,3,"4"
5973,5,3,"5"
5974,5,3,"5"
5975,5,3,"5"
5976,5,3,"5"
5977,5,3,"5"
5978,5,3,"5"
5979,5,3,"5"
5980,5,3,"5"
5981,4,3,"5"
5982,4,3,"4"
5983,4,3,"4"
5984,4,3,"5"
5985,4,3,"5"
5986,4,3,"4"
5987,4,3,"4"
6005,4,3,"4"
6006,4,3,"4"
6007,4,3,"4"
6008,4,3,"5"
6009,4,3,"4"
6010,4,3,"5"
6011,4,3,"5"
6012,4,3,"5"
6013,4,3,"4"
6014,4,3,"4"
6015,4,3,"4"
6016,4,3,"4"
6017,4,3,"4"
6018,4,3,"4"
6019,4,3,"4"
6020,4,3,"4"
6021,4,3,"4"
6022,4,3,"4"
6023,4,3,"4"
6024,4,3,"4"
6025,4,3,"4"
6057,5,3,"5"
6058,5,3,"5"
6059,5,3,"5"
6060,5,3,"5"
6061,5,3,"5"
6062,5,3,"5"
6063,5,3,"5"
6064,5,3,"5"
6065,5,3,"5"
6066,5,3,"5"
6067,5,3,"5"
6068,5,3,"5"
6069,5,3,"5"
6070,5,3,"5"
6071,4,3,"5"
6072,4,3,"4"
6073,4,3,"4"
6074,4,3,"4"
6075,4,3,"2"
6076,4,3,"4"
6098,4,3,"4"
6099,4,3,"4"
6100,4,3,"4"
6101,4,3,"5"
6103,4,3,"4"
6104,4,3,"4"
6105,4,3,"4"
6106,4,3,"4"
6107,4,3,"4"
6108,4,3,"4"
6109,4,3,"4"
6110,4,3,"4"
6111,4,3,"4"
6112,4,3,"4"
6113,4,3,"4"
6114,4,3,"5"
6146,5,3,"5"
6147,5,3,"5"
6148,5,3,"5"
6149,5,3,"5"
6150,5,3,"5"
6151,5,3,"5"
6152,5,3,"5"
6153,5,3,"5"
6154,5,3,"5"
6155,5,3,"5"
6156,4,3,"4"
6157,4,3,"4"
6158,4,3,"5"
6159,4,3,"5"
6160,4,3,"5"
6161,4,3,"4"
6187,4,3,"4"
6188,4,3,"5"
6193,4,3,"4"
6194,4,3,"4"
6195,4,3,"4"
6196,4,3,"4"
6199,4,3,"4"
6235,5,3,"5"
6236,5,3,"5"
6237,5,3,"5"
6238,5,3,"5"
6239,5,3,"5"
6240,5,3,"5"
6241,5,3,"5"
6242,5,3,"5"
6243,5,3,"5"
6244,4,3,"5"
6245,4,3,"4"
6246,4,3,"4"
6247,4,3,"4"
6248,4,3,"5"
6249,4,3,"5"
6250,4,3,"5"
6251,4,3,"5"
6281,4,3,"4"
6282,4,3,"4"
6284,4,3,"4"
6285,4,3,"4"
6324,5,3,"5"
6325,5,3,"5"
6326,5,3,"5"
6327,5,3,"5"
6328,5,3,"4"
6329,5,3,"5"
6330,5,3,"5"
6331,5,3,"5"
6332,5,3,"4"
6333,5,3,"4"
6334,5,3,"4"
6335,4,3,"4"
6336,4,3,"4"
6337,4,3,"4"
6338,4,3,"5"
6339,4,3,"5"
6340,4,3,"5"
6415,5,3,"5"
6416,5,3,"5"
6417,5,3,"5"
6418,5,3,"4"
6419,5,3,"5"
6420,5,3,"5"
6421,5,3,"5"
6422,5,3,"5"
6423,4,3,"4"
6424,4,3,"4"
6425,4,3,"2"
6426,4,3,"2"
6427,4,3,"5"
6428,4,3,"5"
6506,5,3,"4"
6507,5,3,"4"
6509,5,3,"5"
6510,5,3,"4"
6511,5,3,"4"
6512,5,3,"4"
6513,5,3,"4"
6514,4,3,"4"
6515,4,3,"4"
